status,order,date
True,keyboard,2024-04-28
True,keyboard,2024-04-28
True,keyboard,2024-04-28
True,keyboard,2024-04-28
True,keyboard,2024-04-28
True,keyboard,2024-04-28
True,keyboard,2024-04-28
True,keyboard,2024-04-28
True,keyboard,2024-04-28
True,keyboard,2024-04-28
True,keyboard,2024-04-28
True,keyboard,2024-04-28
True,keyboard,2024-04-28
True,keyboard,2024-04-28
True,keyboard,2024-04-28
True,keyboard,2024-04-28
True,keyboard,2024-04-28
True,keyboard,2024-04-28
True,keyboard,2024-04-28
True,keyboard,2024-04-28
True,keyboard,2024-04-28
True,keyboard,2024-04-28
True,keyboard,2024-04-28
True,keyboard,2024-04-28
True,keyboard,2024-04-28
True,keyboard,2024-04-28
True,keyboard,2024-04-28
True,keyboard,2024-04-28
True,keyboard,2024-04-28
True,keyboard,2024-04-28
